Ермаков;Максим;Артёмович;+75533134165
Яковлев;Артём;Григорьевич;+72595428643
Горбунова;Варвара;Ильинична;+70362783700
Агафонов;Семён;Ильич;+79049189676
Ершов;Константин;Даниилович;+77186423701
Потапов;Иван;Дмитриевич;+75003322262
Балашова;Алёна;Александровна;+79783840046
Романов;Демид;Александрович;+76386473046
Пономарев;Артём;Даниилович;+77608075888
Ефимова;Ольга;Владиславовна;+78607000756
Давыдова;Ольга;Давидовна;+72138374362
Олейников;Мирон;Максимович;+71451741264
Головина;Ульяна;Андреевна;+71528383622
Андреева;Ксения;Алексеевна;+72478477340
Тимофеев;Дмитрий;Максимович;+78883314522
Жукова;Анна;Михайловна;+71695192082
Королева;Валентина;Тимуровна;+78480183003
Майоров;Иван;Тимофеевич;+71683657050
Калинин;Илья;Артёмович;+79725111609
Киселев;Лука;Даниилович;+73150930567
Кузнецова;Ева;Георгиевна;+71540152599
Петрова;Ульяна;Мироновна;+70032168920
Кудрявцев;Матвей;Александрович;+78020675094
Емельянов;Максим;Евгеньевич;+72499620070
Бондарева;Виктория;Мироновна;+70215316197
Левина;Екатерина;Павловна;+75544124684
Алехина;Олеся;Дмитриевна;+76472876861
Бондарева;София;Матвеевна;+74797283242
Бородин;Кирилл;Дмитриевич;+74302700292
Соболев;Владимир;Ярославович;+72861319204
Потапов;Эрик;Лукич;+70915160513
Ларионова;Злата;Александровна;+79216807080
Молчанов;Григорий;Сергеевич;+71750376518
Медведева;Есения;Фёдоровна;+79561372528
Воронцов;Егор;Матвеевич;+73427849377
Емельянова;Варвара;Фёдоровна;+71812109841
Ефимов;Денис;Матвеевич;+78587849336
Савельев;Виктор;Глебович;+71903121313
Васильева;Ксения;Марсельевна;+75556517469
Ермакова;Валерия;Степановна;+76453891739
Кондратьев;Ярослав;Тимурович;+77136605133
Сычев;Лев;Никитич;+73187125093
Шмелев;Егор;Александрович;+79027263718
Никифорова;Виктория;Егоровна;+75860396532
Кононов;Даниил;Вячеславович;+74428274739
Борисова;Серафима;Алексеевна;+72577404888
Кондратьева;Варвара;Филипповна;+77664916268
Иванов;Тимофей;Матвеевич;+75300874959
Емельянова;Варвара;Артемьевна;+76666322062
Суворов;Тимофей;Маркович;+76559900546
Степанова;Виктория;Максимовна;+76220561767
Сидорова;Елизавета;Дмитриевна;+77434986565
Смирнова;Ника;Руслановна;+73391229127
Зайцев;Илья;Владиславович;+71156219885
Котов;Никита;Семёнович;+78079750936
Зайцев;Семён;Матвеевич;+70319894399
Давыдов;Константин;Дмитриевич;+70025553168
Григорьева;Ярослава;Ильинична;+74330308860
Боброва;Мирослава;Николаевна;+77822827603
Авдеева;Вероника;Ильинична;+77345429848
Корчагина;Айлин;Владимировна;+75952171970
Калмыкова;Виктория;Кирилловна;+77730799573
Орлов;Руслан;Романович;+71131770230
Кузьмин;Филипп;Артёмович;+78335324730
Агафонов;Матвей;Львович;+70881049690
Серов;Фёдор;Михайлович;+79259200546
Лебедев;Тимофей;Адамович;+71016569701
Симонов;Игорь;Савельевич;+78377839366
Еремина;Мария;Вячеславовна;+71852070294
Михайлова;София;Васильевна;+76034830425
Баранов;Павел;Максимович;+72099643165
Воронин;Макар;Александрович;+77684664683
Карпов;Никита;Владиславович;+74600206698
Софронов;Роман;Арсентьевич;+76273223550
Богомолова;Элина;Матвеевна;+70881836701
Петров;Максим;Фёдорович;+76255688270
Ушаков;Николай;Кириллович;+77966171231
Жарова;Дарья;Максимовна;+76009410722
Анохина;Софья;Саввична;+77768474191
Алексеева;Арина;Кирилловна;+72176078355
Назаров;Кирилл;Макарович;+73499165959
Малышева;Валерия;Ильинична;+78090794860
Иванов;Клим;Иванович;+73416752355
Петров;Александр;Андреевич;+72016232608
Орлов;Дмитрий;Романович;+78757149592
Назаров;Даниил;Эмильевич;+77436770824
Руднев;Никита;Макарович;+72218813148
Сорокина;Полина;Арсентьевна;+76847748186
Платонов;Валерий;Ильич;+77167413005
Севастьянов;Григорий;Даниилович;+77538990560
Королева;Алёна;Романовна;+73322116294
Смирнов;Кирилл;Артёмович;+74253934701
Тимофеева;Сафия;Георгиевна;+71873534259
Моисеев;Данил;Марсельевич;+79361273821
Жуков;Давид;Вячеславович;+70678296530
Игнатова;Анастасия;Александровна;+73401234167
Жукова;Анастасия;Матвеевна;+74781537149
Соловьев;Максим;Арсентьевич;+79814729396
Терехова;Василиса;Эмильевна;+74951215412
Комиссарова;Антонина;Романовна;+75679871336
